<?xml version="1.0" encoding="UTF-8" ?>
<Configuration>
    <Appenders>
        <Console name="console" target="SYSTEM_OUT">
            <PatternLayout pattern="%m%n" />
        </Console>
        <SplunkHttp
                name="splunkhttp"
                url="http://localhost:8088"
                token="8d5b67fe-9f46-464b-9aa1-77efba6219e2"
                host="localhost"
                index="springsecurity_logs"
                type="raw"
                source="http-event-logs"
                sourcetype="log4j"
                messageFormat="text"
                disableCertificationValidation="true"
        />
    </Appenders>
    <Loggers>
        <Root level="info">
            <AppenderRef ref="console" />
            <AppenderRef ref="splunkhttp"/>
        </Root>
    </Loggers>
</Configuration>
